,회차,토픽,파일명
0,9회차,법,사회과학분야역사학세션논문김나윤조선시대유docx
1,9회차,법,사회과학분야역사학세션논문박소현삼국유사의docx
2,9회차,법,사회과학분야역사학세션논문신민채가야의역사docx
3,9회차,법,사회과학분야역사학세션논문양석민민란과민중docx
4,9회차,법,사회과학분야역사학세션논문양석민조선후기신docx
5,9회차,물리학,사회과학분야역사학세션논문이서윤냉전기서독docx
6,9회차,법,사회과학분야역사학세션논문이준엽HistoricalAdocx
7,9회차,법,사회과학분야역사학세션논문정인혁고려의주체docx
8,9회차,법,사회과학분야역사학세션논문제준오가야의역사docx
9,9회차,물리학,사회과학분야역사학세션논문홍도현국가지도자들docx
10,9회차,물리학,사회과학분야역사학세션연구계획손승현민족주의의docx
11,9회차,법,사회과학분야역사학세션연구계획이찬근삼균주의와docx
12,9회차,법,인문과학분야어문학및철학세션논문김민서고전소설속docx
13,9회차,교육,인문과학분야어문학및철학세션논문김영빈으우에어이이docx
14,9회차,마케팅,인문과학분야어문학및철학세션논문김예빈서울관광지docx
15,9회차,외교,인문과학분야어문학및철학세션논문김정빈또래집단지docx
16,9회차,법,인문과학분야어문학및철학세션논문김지민RobertBrowndocx
17,9회차,외교,인문과학분야어문학및철학세션논문김지민슬로건티셔docx
18,9회차,법,인문과학분야어문학및철학세션논문송가현한국현대시docx
19,9회차,법,인문과학분야어문학및철학세션논문양예빈공주이야기docx
20,9회차,법,인문과학분야어문학및철학세션논문이다인셰익스피어docx
21,9회차,외교,인문과학분야어문학및철학세션논문이은선FindingEffedocx
22,9회차,법,인문과학분야어문학및철학세션논문임시연고전작품의docx
23,9회차,외교,인문과학분야어문학및철학세션논문차준한잘사는삶wedocx
24,9회차,외교,인문과학분야어문학및철학세션논문최상원이익중심적docx
25,9회차,법,인문과학분야어문학및철학세션논문한고은춘향과개츠docx
26,9회차,법,인문과학분야어문학및철학세션연구계획김나현춘향전을docx
27,9회차,생물학,인문과학분야어문학및철학세션연구계획김동현크라우드소docx
28,9회차,생물학,인문과학분야어문학및철학세션연구계획박희수1인미디어docx
29,9회차,법,인문과학분야어문학및철학세션연구계획윤상완TheNegativedocx
30,9회차,법,인문과학분야어문학및철학세션연구계획정주현중국소설docx
31,9회차,외교,인문과학분야어문학및철학세션연구계획홍수경간판의외국docx
32,9회차,생물학,경영기업가정신분야경영학세션논문김나희AStudyofSdocx
33,9회차,외교,경영기업가정신분야경영학세션논문김시은Correlationdocx
34,9회차,외교,경영기업가정신분야경영학세션논문김현지TheStudyofdocx
35,9회차,물리학,경영기업가정신분야경영학세션논문김효경정책에따른docx
36,9회차,마케팅,경영기업가정신분야경영학세션논문박강민리더성향이docx
37,9회차,생물학,경영기업가정신분야경영학세션논문이건우트리즈씽킹을docx
38,9회차,마케팅,경영기업가정신분야경영학세션논문최민서EMK뮤지컬컴docx
39,9회차,생물학,경영기업가정신분야경영학세션논문허지영마케팅전략docx
40,9회차,생물학,경영기업가정신분야경영학세션연구계획진성민소유와경영docx
41,9회차,생물학,사회과학분야경제학세션논문nhkim18AStudyofSdocx
42,9회차,생물학,사회과학분야경제학세션논문강민지공유경제플docx
43,9회차,생물학,사회과학분야경제학세션논문권도엽싱가포르청docx
44,9회차,외교,사회과학분야경제학세션논문김수경청소년이받docx
45,9회차,생물학,사회과학분야경제학세션논문김수민중국청소년docx
46,9회차,물리학,사회과학분야경제학세션논문김은미일본의잃어docx
47,9회차,마케팅,사회과학분야경제학세션논문김은혜벌점부과과docx
48,9회차,물리학,사회과학분야경제학세션논문남다영충남지역의Mdocx
49,9회차,컴퓨터,사회과학분야경제학세션논문박상준중국에서의docx
50,9회차,물리학,사회과학분야경제학세션논문박예린소득 불평등docx
51,9회차,물리학,사회과학분야경제학세션논문배종원자원개발이docx
52,9회차,화학,사회과학분야경제학세션논문여혜준최다득표제의docx
53,9회차,물리학,사회과학분야경제학세션논문우수민OverviewTdocx
54,9회차,생물학,사회과학분야경제학세션논문이솔가상암호화docx
55,9회차,물리학,사회과학분야경제학세션논문이재현중국의사드docx
56,9회차,물리학,사회과학분야경제학세션논문이지윤글로벌금융docx
57,9회차,외교,사회과학분야경제학세션논문조민제명덕외국어고docx
58,9회차,생물학,사회과학분야경제학세션논문최수현다단계판매docx
59,9회차,생물학,사회과학분야경제학세션연구계획권기영국내부동산docx
60,9회차,물리학,사회과학분야경제학세션연구계획민주빈전통시장의docx
61,9회차,외교,사회과학분야사회학세션논문HyunSeoKimInvestigatiodocx
62,9회차,법,사회과학분야사회학세션논문JeriKim20thCenturydocx
63,9회차,외교,사회과학분야사회학세션논문김민지청소년봉사docx
64,9회차,교육,사회과학분야사회학세션논문김민하한국농촌지docx
65,9회차,물리학,사회과학분야사회학세션논문김정재사회복지정책docx
66,9회차,물리학,사회과학분야사회학세션논문김태완지난5년간docx
67,9회차,외교,사회과학분야사회학세션논문나도윤이용시간과docx
68,9회차,외교,사회과학분야사회학세션논문박수빈대한민국청docx
69,9회차,외교,사회과학분야사회학세션논문박준우청소년의팬docx
70,9회차,생물학,사회과학분야사회학세션논문박준형카이제곱검docx
71,9회차,경제,사회과학분야사회학세션논문신상우강원지역의docx
72,9회차,외교,사회과학분야사회학세션논문신지호NLCS고등학docx
73,9회차,화학,사회과학분야사회학세션논문안소민지하철여성docx
74,9회차,법,사회과학분야사회학세션논문원지호내가나로살docx
75,9회차,외교,사회과학분야사회학세션논문이다향학생들의여docx
76,9회차,생물학,사회과학분야사회학세션논문이서현한국의온라docx
77,9회차,법,사회과학분야사회학세션논문이성진목민심서와docx
78,9회차,외교,사회과학분야사회학세션논문이수빈청소년의커docx
79,9회차,물리학,사회과학분야사회학세션논문이수현최빈국과일docx
80,9회차,물리학,사회과학분야사회학세션논문이지현수도권광역docx
81,9회차,법,사회과학분야사회학세션논문차승아리얼리티예docx
82,9회차,법,사회과학분야사회학세션논문한재인18th19thcedocx
83,9회차,법,사회과학분야사회학세션논문홍서연국내문화재docx
84,9회차,화학,사회과학분야사회학세션연구계획김민기자치경찰제docx
85,9회차,외교,사회과학분야사회학세션연구계획신혜선미디어가사docx
86,9회차,생물학,사회과학분야사회학세션연구계획정솔코하우징의docx
87,9회차,화학,사회과학분야사회학세션연구계획조윤수대한민국에서docx
88,9회차,물리학,사회과학분야정치외교학세션논문김규리한국의국가docx
89,9회차,물리학,사회과학분야정치외교학세션논문김도경중국의외교docx
90,9회차,화학,사회과학분야정치외교학세션논문김민경TV토론에서 나타난 대통령 후보들의 docx
91,9회차,물리학,사회과학분야정치외교학세션논문김보경베트남정권docx
92,9회차,물리학,사회과학분야정치외교학세션논문김옳은트럼프행정docx
93,9회차,물리학,사회과학분야정치외교학세션논문김주명국제정치를docx
94,9회차,화학,사회과학분야정치외교학세션논문박수민선거권과교docx
95,9회차,물리학,사회과학분야정치외교학세션논문양사비국가간공공docx
96,9회차,화학,사회과학분야정치외교학세션논문오주연국가간무역docx
97,9회차,물리학,사회과학분야정치외교학세션논문이예원미국의공공docx
98,9회차,물리학,사회과학분야정치외교학세션논문전건희지역의상황docx
99,9회차,외교,사회과학분야정치외교학세션논문조윤이페이스북내docx
100,9회차,문화,사회과학분야정치외교학세션연구계획김도경중국의외교docx
101,9회차,물리학,사회과학분야정치외교학세션연구계획김소민지역문화와docx
102,9회차,물리학,사회과학분야정치외교학세션연구계획신정훈대중문화가docx
103,9회차,외교,사회과학분야교육학세션논문권가인커버댄스활docx
104,9회차,외교,사회과학분야교육학세션논문김수빈픽션같은논픽션docx
105,9회차,법,사회과학분야교육학세션논문김윤영크로스오버를docx
106,9회차,문화,사회과학분야교육학세션논문남인경축구동아리docx
107,9회차,외교,사회과학분야교육학세션논문변아영4차산업혁명docx
108,9회차,외교,사회과학분야교육학세션논문신지수다문화가정과docx
109,9회차,외교,사회과학분야교육학세션논문양준모청주지역인docx
110,9회차,외교,사회과학분야교육학세션논문오현서학교리더십docx
111,9회차,외교,사회과학분야교육학세션논문윤가영재외한국학docx
112,9회차,외교,사회과학분야교육학세션논문이민혁교육방법유docx
113,9회차,외교,사회과학분야교육학세션논문이시현통합예술교육docx
114,9회차,외교,사회과학분야교육학세션논문정성윤4차산업혁명docx
115,9회차,외교,사회과학분야교육학세션연구계획김서윤Astudytoidocx
116,9회차,화학,사회과학분야교육학세션연구계획유승희현교육법에docx
117,9회차,외교,사회과학분야교육학세션연구계획윤가영재외한국학docx
118,9회차,외교,사회과학분야심리학세션논문곽진희TV애니메이션docx
119,9회차,마케팅,사회과학분야심리학세션논문김선욱영화평점및docx
120,9회차,법,사회과학분야심리학세션논문남궁정사고를왜곡docx
121,9회차,물리학,사회과학분야심리학세션논문송서영국가간의분docx
122,9회차,외교,사회과학분야심리학세션논문이민주청소년폭력docx
123,9회차,화학,사회과학분야심리학세션논문이희원범죄예방에docx
124,9회차,외교,사회과학분야심리학세션논문정재원포르노그래피docx
125,9회차,외교,사회과학분야심리학세션논문정혜욱긍정심리학의docx
126,9회차,교육,사회과학분야심리학세션논문조미성인간과동물docx
127,9회차,법,사회과학분야심리학세션논문최원호배경음악이docx
128,9회차,교육,사회과학분야심리학세션연구계획안주빈집단미술요법docx
129,9회차,화학,사회과학분야법학세션논문권태연국가와대륙docx
130,9회차,화학,사회과학분야법학세션연구계획유정우실효성의관docx
131,9회차,외교,GlobalSessionHumanitiesSocialSciences논문YongGyeongLimPsychologicadocx
132,9회차,물리학,GlobalSessionHumanitiesSocialSciences논문가예준YeJoonKahIntrospectivdocx
133,9회차,물리학,GlobalSessionHumanitiesSocialSciences논문권혁빈MethodstoIdocx
134,9회차,물리학,GlobalSessionHumanitiesSocialSciences논문김근영AStudyonEdocx
135,9회차,교육,GlobalSessionHumanitiesSocialSciences논문김서현AStudyontdocx
136,9회차,물리학,GlobalSessionHumanitiesSocialSciences논문김수민TheInfluencdocx
137,9회차,외교,GlobalSessionHumanitiesSocialSciences논문김효재고등학생의docx
138,9회차,법,GlobalSessionHumanitiesSocialSciences논문박제린AStudyofPdocx
139,9회차,물리학,GlobalSessionHumanitiesSocialSciences논문박주현ThePotsdamdocx
140,9회차,생물학,GlobalSessionHumanitiesSocialSciences논문오경진TheCorpusLdocx
141,9회차,법,GlobalSessionHumanitiesSocialSciences논문오윤진TheIntellecdocx
142,9회차,문화,GlobalSessionHumanitiesSocialSciences논문이성윤Analysisofdocx
143,9회차,물리학,GlobalSessionHumanitiesSocialSciences논문이제현21세기독립docx
144,9회차,법,GlobalSessionHumanitiesSocialSciences논문채영서AnAnalysisdocx
145,9회차,법,GlobalSessionHumanitiesSocialSciences논문황솔빈Ananalysisdocx
146,9회차,법,GlobalSessionHumanitiesSocialSciences연구계획김준환AnIntroductdocx
147,9회차,생물학,GlobalSessionHumanitiesSocialSciences연구계획심서연Brandsincodocx
148,9회차,외교,GlobalSessionHumanitiesSocialSciences연구계획임예원Analysisondocx
149,9회차,문화,자연과학분야수학세션논문김준형택시거리로docx
150,9회차,마케팅,자연과학분야수학세션논문서준영파형의분석docx
151,9회차,문화,자연과학분야수학세션논문이규민xnyndocx
152,9회차,문화,자연과학분야수학세션논문이상헌n차원일때docx
153,9회차,문화,자연과학분야수학세션논문이원빈세명의총docx
154,9회차,문화,자연과학분야수학세션논문이재현야구속의수docx
155,9회차,마케팅,자연과학분야수학세션논문이준서수학적양자docx
156,9회차,문화,자연과학분야수학세션논문장영환ChvatalsArdocx
157,9회차,문화,자연과학분야수학세션논문조은별바보셈을이docx
158,9회차,문화,자연과학분야수학세션논문하준수P1ab오docx
159,9회차,문화,자연과학분야수학세션연구계획고나현평균값정리docx
160,9회차,문화,자연과학분야수학세션연구계획김준우2차원도형에docx
161,9회차,문화,자연과학분야수학세션연구계획최성준삼각함수와docx
162,9회차,컴퓨터,자연과학분야수학세션연구계획황현석곡면거울을docx
163,9회차,컴퓨터,자연과학분야물리학세션논문남지형탄성물체아docx
164,9회차,컴퓨터,자연과학분야물리학세션논문문준서사이매틱스docx
165,9회차,컴퓨터,자연과학분야물리학세션논문배성현그래픽라이docx
166,9회차,컴퓨터,자연과학분야물리학세션논문손동민메트로놈을docx
167,9회차,컴퓨터,자연과학분야물리학세션논문안순찬질량감쇠기docx
168,9회차,컴퓨터,자연과학분야물리학세션논문오경진천체의질량docx
169,9회차,컴퓨터,자연과학분야물리학세션논문이윤제관측된HLdocx
170,9회차,컴퓨터,자연과학분야물리학세션논문이의찬4BitArithmdocx
171,9회차,문화,자연과학분야물리학세션논문이준서경추모형을docx
172,9회차,컴퓨터,자연과학분야물리학세션논문장아연ChuasCircudocx
173,9회차,컴퓨터,자연과학분야물리학세션논문장준영퀴리엔진의docx
174,9회차,컴퓨터,자연과학분야물리학세션논문정이현태양의고도docx
175,9회차,컴퓨터,자연과학분야물리학세션연구계획유재형광섬유격자docx
176,9회차,컴퓨터,자연과학분야물리학세션연구계획최수진에어캡공기docx
177,9회차,법,자연과학분야화학세션논문YujinLeeChemistryMedocx
178,9회차,경제,자연과학분야화학세션논문김민지중금속폐수docx
179,9회차,경제,자연과학분야화학세션논문김승희자연정화방docx
180,9회차,컴퓨터,자연과학분야화학세션논문박현식연속적인농docx
181,9회차,경제,자연과학분야화학세션논문서종건PCN222의SAdocx
182,9회차,컴퓨터,자연과학분야화학세션논문송태솔MBL과123DDdocx
183,9회차,경제,자연과학분야화학세션논문이승준양파겉껍질docx
184,9회차,경제,자연과학분야화학세션논문이준영아스피린합docx
185,9회차,경제,자연과학분야화학세션논문장재혁이중기능성docx
186,9회차,경제,자연과학분야화학세션논문정규태손톱에들인docx
187,9회차,컴퓨터,자연과학분야화학세션논문정승민EnergyCalcudocx
188,9회차,경제,자연과학분야화학세션논문천은아사탕섭취로docx
189,9회차,경제,자연과학분야화학세션논문최희도틴트docx
190,9회차,경제,자연과학분야화학세션논문한주예폐암마커검docx
191,9회차,경제,자연과학분야화학세션연구계획박주원중금속흡착docx
192,9회차,경제,자연과학분야화학세션연구계획박준영색으로알아docx
193,9회차,경제,자연과학분야화학세션연구계획양시호공생을통한docx
194,9회차,경제,자연과학분야화학세션연구계획전진아천연살충제의docx
195,9회차,경제,자연과학분야화학세션연구계획정승혁유전자재조docx
196,9회차,경제,생명과학분야생물학세션논문김서연밀웜docx
197,9회차,경제,생명과학분야생물학세션논문김승현규소처리애docx
198,9회차,마케팅,생명과학분야생물학세션논문김유민소나무재선충docx
199,9회차,경제,생명과학분야생물학세션논문신유빈Halotolerantdocx
200,9회차,외교,생명과학분야생물학세션논문신희도Humanisticadocx
201,9회차,경제,생명과학분야생물학세션논문심지혁Zebularinedocx
202,9회차,문화,생명과학분야생물학세션논문엄세정유전자알고docx
203,9회차,경제,생명과학분야생물학세션논문이도연레몬의항균docx
204,9회차,경제,생명과학분야생물학세션논문이지수균계의형태docx
205,9회차,경제,생명과학분야생물학세션논문임채은키토산과과docx
206,9회차,경제,생명과학분야생물학세션논문한희연유익한냄새docx
207,9회차,경제,생명과학분야생물학세션논문함성희전자파로인docx
208,9회차,법,생명과학분야생물학세션논문홍은성태실의문화docx
209,9회차,경제,생명과학분야생물학세션연구계획김동우전자파에의docx
210,9회차,경제,생명과학분야생물학세션연구계획송현우형질전환을docx
211,9회차,경제,생명과학분야생물학세션연구계획한동민혈병생성원docx
212,9회차,교육,생명과학분야의학세션논문JeongwooKimPreventingbdocx
213,9회차,교육,생명과학분야의학세션논문강기우빛공해Lighdocx
214,9회차,마케팅,생명과학분야의학세션논문김민철어성초를이docx
215,9회차,교육,생명과학분야의학세션논문김시원인체조직기증docx
216,9회차,교육,생명과학분야의학세션논문김유찬스마트기기의docx
217,9회차,경제,생명과학분야의학세션논문김준현방아잎이학docx
218,9회차,경제,생명과학분야의학세션논문김형민Fucoxanthindocx
219,9회차,교육,생명과학분야의학세션논문신민석질병진단및docx
220,9회차,경제,생명과학분야의학세션논문신정환유방암억제docx
221,9회차,경제,생명과학분야의학세션논문이동욱생쥐고양이docx
222,9회차,컴퓨터,생명과학분야의학세션논문이정민Pomphorhynchdocx
223,9회차,교육,생명과학분야의학세션논문이채연장기이식제docx
224,9회차,경제,생명과학분야의학세션논문이채윤10대청소년docx
225,9회차,문화,생명과학분야의학세션논문정태영소금과다섭docx
226,9회차,외교,생명과학분야의학세션논문홍기윤청소년의면docx
227,9회차,경제,생명과학분야의학세션논문홍준원철분결핍성docx
228,9회차,교육,생명과학분야의학세션연구계획김수빈사상체질을docx
229,9회차,교육,생명과학분야의학세션연구계획이채윤다이어트약docx
230,9회차,교육,생명과학분야의학세션연구계획최인준지카바이러docx
231,9회차,교육,생명과학분야의학세션연구계획현유민방사선치료docx
232,9회차,법,공학분야컴퓨터공학세션논문GyuminLeeElectronicMdocx
233,9회차,교육,공학분야컴퓨터공학세션논문KevinKimArtificialIdocx
234,9회차,교육,공학분야컴퓨터공학세션논문구준모아두이노를docx
235,9회차,문화,공학분야컴퓨터공학세션논문길마로Astar알고docx
236,9회차,문화,공학분야컴퓨터공학세션논문김신영트리탐색을docx
237,9회차,문화,공학분야컴퓨터공학세션논문김지우빅데이터와docx
238,9회차,문화,공학분야컴퓨터공학세션논문유건희작곡인공지docx
239,9회차,마케팅,공학분야컴퓨터공학세션논문윤도진RSA암호를docx
240,9회차,교육,공학분야컴퓨터공학세션논문이찬주컴퓨터저장docx
241,9회차,교육,공학분야컴퓨터공학세션논문장민성ARPprotocoldocx
242,9회차,교육,공학분야컴퓨터공학세션논문정혜린IoT기반디docx
243,9회차,교육,공학분야컴퓨터공학세션연구계획박재성CPU마이크로docx
244,9회차,문화,공학분야컴퓨터공학세션연구계획성강심층신경망docx
245,9회차,교육,공학분야컴퓨터공학세션연구계획오세준모의침투테docx
246,9회차,문화,공학분야컴퓨터공학세션연구계획이동현크라우드소docx
247,9회차,문화,공학분야컴퓨터공학세션연구계획조연서실험이미지docx
248,9회차,법,공학분야컴퓨터공학세션연구계획차이현서동설화검docx
249,9회차,컴퓨터,공학분야전기전자및기계공학세션논문고형문자속렌즈와docx
250,9회차,컴퓨터,공학분야전기전자및기계공학세션논문김도훈자라나라줄docx
251,9회차,컴퓨터,공학분야전기전자및기계공학세션논문김의기스마트쓰레기통docx
252,9회차,컴퓨터,공학분야전기전자및기계공학세션논문김정현바람부는파docx
253,9회차,컴퓨터,공학분야전기전자및기계공학세션논문김해성2차사고발생docx
254,9회차,컴퓨터,공학분야전기전자및기계공학세션논문남기정미세먼지및docx
255,9회차,컴퓨터,공학분야전기전자및기계공학세션논문노대경그래핀기반docx
256,9회차,컴퓨터,공학분야전기전자및기계공학세션논문박환용딱정벌레의docx
257,9회차,컴퓨터,공학분야전기전자및기계공학세션논문송경화AHRS를이용docx
258,9회차,컴퓨터,공학분야전기전자및기계공학세션논문이가람블루투스통docx
259,9회차,컴퓨터,공학분야전기전자및기계공학세션논문이동은픽스호크Pixdocx
260,9회차,컴퓨터,공학분야전기전자및기계공학세션논문이석준항공기의날docx
261,9회차,교육,공학분야전기전자및기계공학세션논문이설무선기기및docx
262,9회차,교육,공학분야전기전자및기계공학세션논문이현욱자동차기술docx
263,9회차,컴퓨터,공학분야전기전자및기계공학세션논문정예찬저축을도와docx
264,9회차,컴퓨터,공학분야전기전자및기계공학세션논문정원우탄소복docx
265,9회차,컴퓨터,공학분야전기전자및기계공학세션논문정윤서무선전력전docx
266,9회차,컴퓨터,공학분야전기전자및기계공학세션논문추시훈수학적모델docx
267,9회차,컴퓨터,공학분야전기전자및기계공학세션연구계획박총명가정용풍력docx
268,9회차,교육,공학분야전기전자및기계공학세션연구계획송재석WirelessDrodocx
269,9회차,컴퓨터,공학분야전기전자및기계공학세션연구계획이정원신소재의개docx
270,9회차,컴퓨터,공학분야전기전자및기계공학세션연구계획장원석구조탐색로docx
271,9회차,컴퓨터,공학분야환경공학세션논문곽서의천연염료의docx
272,9회차,경제,공학분야환경공학세션논문김민영동식물을통docx
273,9회차,경제,공학분야환경공학세션논문류재인Blackcarbondocx
274,9회차,경제,공학분야환경공학세션논문박성민ThePossibledocx
275,9회차,경제,공학분야환경공학세션논문박준형미토콘드리아docx
276,9회차,경제,공학분야환경공학세션논문양윤석폐글리세롤의docx
277,9회차,외교,공학분야환경공학세션논문이상진RemovingPardocx
278,9회차,교육,공학분야환경공학세션논문이태규생태복원적docx
279,9회차,컴퓨터,공학분야환경공학세션논문채하영풍력터빈의docx
280,9회차,경제,공학분야환경공학세션논문황규리벤토나이트와docx
281,9회차,문화,공학분야환경공학세션연구계획강민구효율적인이docx
282,9회차,교육,공학분야환경공학세션연구계획김지환차세대드론docx
283,9회차,경제,공학분야환경공학세션연구계획박소윤학교공기질docx
284,9회차,경제,공학분야환경공학세션연구계획신홍규실시간빅데docx
285,9회차,교육,공학분야환경공학세션연구계획정준환시각장애인의docx
286,9회차,외교,GlobalSessionNaturalSciencesandEngineering논문황수인Exploredocx
287,9회차,경제,GlobalSessionNaturalSciencesEngineering논문권우진Differencesdocx
288,9회차,컴퓨터,GlobalSessionNaturalSciencesEngineering논문신동하에너지프로docx
289,9회차,컴퓨터,GlobalSessionNaturalSciencesEngineering논문장정규Gravitationadocx
290,9회차,문화,GlobalSessionNaturalSciencesEngineering연구계획AdrianKangAssociationdocx
291,9회차,외교,GlobalSessionNaturalSciencesEngineering연구계획권소정Anovelapprdocx
292,9회차,물리학,GlobalSessionNaturalSciencesEngineering연구계획기강현Prevalenceadocx
293,9회차,외교,GlobalSessionNaturalSciencesEngineering연구계획김효정AnInvestigadocx
294,9회차,외교,GlobalSessionNaturalSciencesEngineering연구계획장서원Justificatiodocx
295,9회차,외교,GlobalSessionNaturalSciencesEngineering연구계획조현아Investigatiodocx
296,9회차,외교,인문과학분야예술학세션논문김유나보이지않는docx
297,9회차,컴퓨터,인문과학분야예술학세션논문이규리화이트보드docx
298,9회차,법,인문과학분야예술학세션연구계획신예지중국의한국docx
299,10회차,물리학,GlobalSessionHumanitiesandSocialSciences논문임수빈TheInfluencdocx
300,10회차,법,인문과학분야역사학세션논문김세희Reinterpretadocx
301,10회차,물리학,인문과학분야역사학세션논문박광용양날의검docx
302,10회차,법,인문과학분야역사학세션논문최선형ANewPerspedocx
303,10회차,교육,인문과학분야역사학세션연구계획김승혁앨런튜닝에서docx
304,10회차,법,인문과학분야역사학세션연구계획제갈선일본여성의docx
305,10회차,법,인문과학분야역사학세션연구계획홍유진세종대왕의docx
306,10회차,법,사회과학분야사회학세션논문허수연향가의가치docx
307,10회차,법,인문과학분야어문학세션논문김민지금오신화와docx
308,10회차,법,인문과학분야어문학세션논문한고은나혜석의노docx
309,10회차,법,인문과학분야철학세션논문윤남경사고의실천docx
310,10회차,법,인문과학분야철학세션논문하지수러셀의통찰docx
311,10회차,마케팅,인문과학분야철학세션논문한서경벤담공리주docx
312,10회차,화학,인문과학분야철학세션연구계획최시온종합선험적인docx
313,10회차,생물학,기업가정신분야경영학세션논문김유진다국적기업docx
314,10회차,생물학,기업가정신분야경영학세션논문김윤재Importanceodocx
315,10회차,마케팅,기업가정신분야경영학세션논문이강현리더와팔로docx
316,10회차,생물학,기업가정신분야경영학세션논문한동주4차산업혁명docx
317,10회차,생물학,기업가정신분야경영학세션논문허지영마케팅전략docx
318,10회차,생물학,사회과학분야사회학세션논문박민정통계분석기docx
319,10회차,생물학,사회과학분야정치외교학세션논문강호성프로야구와docx
320,10회차,물리학,사회과학분야경제학세션논문김건우Towhatextedocx
321,10회차,생물학,사회과학분야경제학세션논문박수민헨리조지의docx
322,10회차,생물학,사회과학분야경제학세션연구계획김소연음원스트리docx
323,10회차,물리학,사회과학분야경제학세션연구계획김지예국가간협력docx
324,10회차,외교,사회과학분야경제학세션연구계획유민형3만달러시대docx
325,10회차,생물학,사회과학분야경제학세션연구계획정채연근로시간단docx
326,10회차,생물학,사회과학분야경제학세션연구계획조희원건축시장의docx
327,10회차,물리학,자연과학분야물리학세션논문차인호사회물리학적docx
328,10회차,외교,사회과학분야사회학세션논문신근우사회적요인docx
329,10회차,물리학,사회과학분야사회학세션논문양기연노동의사회docx
330,10회차,물리학,사회과학분야사회학세션논문채승주국가별이미docx
331,10회차,물리학,사회과학분야사회학세션논문최준범태양광산업docx
332,10회차,법,사회과학분야사회학세션연구계획김태윤케이팝KPopdocx
333,10회차,경제,사회과학분야사회학세션연구계획신동협TheCypherpdocx
334,10회차,생물학,사회과학분야사회학세션연구계획전현중1인미디어docx
335,10회차,교육,사회과학분야사회학세션연구계획최만혁4차산업시대docx
336,10회차,화학,공학분야컴퓨터공학세션논문황승재2016USPresdocx
337,10회차,물리학,사회과학분야사회학세션논문한진영Analysisanddocx
338,10회차,화학,사회과학분야정치외교학세션논문고예은난민에관한docx
339,10회차,물리학,사회과학분야정치외교학세션논문김소민지역문화와docx
340,10회차,물리학,사회과학분야정치외교학세션논문박수현베트남전쟁docx
341,10회차,화학,사회과학분야정치외교학세션논문윤지현ISDdocx
342,10회차,화학,사회과학분야정치외교학세션논문이준호집약적권력docx
343,10회차,외교,사회과학분야정치외교학세션논문조윤이페이스북docx
344,10회차,외교,사회과학분야교육학세션논문고광서전인교육의docx
345,10회차,외교,사회과학분야교육학세션논문김민주Criticalanadocx
346,10회차,물리학,사회과학분야교육학세션논문김예나지역거점도시docx
347,10회차,외교,사회과학분야교육학세션논문김태응현대학수학docx
348,10회차,외교,사회과학분야교육학세션논문이승현AnalyzingDudocx
349,10회차,외교,사회과학분야교육학세션연구계획이수진교사의행동docx
350,10회차,교육,사회과학분야심리학세션논문윤민지최초대처자의docx
351,10회차,교육,사회과학분야심리학세션논문최주은각종정신질docx
352,10회차,외교,사회과학분야심리학세션연구계획김수현온라인상호docx
353,10회차,법,사회과학분야심리학세션연구계획김초연소리가사람docx
354,10회차,외교,사회과학분야심리학세션연구계획오재훈모바일SNS에docx
355,10회차,법,사회과학분야심리학세션연구계획이윤서공포영화의docx
356,10회차,법,사회과학분야사회학세션논문신솔힙합에대한docx
357,10회차,생물학,사회과학분야언론학세션논문여인열청소년의온docx
358,10회차,문화,사회과학분야언론학세션논문이가은조리개와셔docx
359,10회차,화학,사회과학분야언론학세션논문이승원TheUSInvasdocx
360,10회차,법,사회과학분야언론학세션논문이예지주류문화로의docx
361,10회차,법,사회과학분야언론학세션논문최민혁텔레비전드docx
362,10회차,화학,사회과학분야언론학세션연구계획정하임보도제목과docx
363,10회차,화학,사회과학분야법학세션논문김연희개헌의필요docx
364,10회차,교육,사회과학분야법학세션논문안효준자율주행자동docx
365,10회차,화학,사회과학분야법학세션연구계획강태우현문재인정docx
366,10회차,외교,사회과학분야법학세션연구계획박건우청소년의시docx
367,10회차,화학,사회과학분야법학세션연구계획손희재회복적사법docx
368,10회차,화학,사회과학분야법학세션연구계획윤서연소년법형량docx
369,10회차,교육,사회과학분야법학세션연구계획이예준제4차산업docx
370,10회차,화학,사회과학분야법학세션연구계획진해민사법고시폐docx
371,10회차,화학,GlobalSessionHumanitiesandSocialSciences논문김서현ExaminingImdocx
372,10회차,외교,GlobalSessionHumanitiesandSocialSciences논문박수빈Researchondocx
373,10회차,물리학,GlobalSessionHumanitiesandSocialSciences논문최여진DependentSedocx
374,10회차,물리학,GlobalSessionHumanitiesandSocialSciences논문황성원ChinasEducdocx
375,10회차,법,GlobalSessionHumanitiesandSocialSciences논문황솔빈Ananalysisdocx
376,10회차,물리학,GlobalSessionHumanitiesandSocialSciences연구계획도유라TheEffectsdocx
377,10회차,교육,생명과학분야생물학세션논문심재륜복잡계네트docx
378,10회차,문화,자연과학분야수학세션논문김민준확정확률과docx
379,10회차,문화,자연과학분야수학세션논문김영훈지오지브라를docx
380,10회차,문화,자연과학분야수학세션논문김우현논거의수리docx
381,10회차,마케팅,자연과학분야수학세션논문양승연내가만든암docx
382,10회차,법,자연과학분야수학세션연구계획구본영수학적기준docx
383,10회차,문화,자연과학분야수학세션연구계획김성진그래프이론docx
384,10회차,교육,자연과학분야수학세션연구계획김시연연립미분방정docx
385,10회차,컴퓨터,자연과학분야수학세션연구계획백유진연분수의무docx
386,10회차,문화,자연과학분야수학세션연구계획이인규이미지파일docx
387,10회차,컴퓨터,GlobalSessionHumanitiesandSocialSciences논문이태현MotionAnalydocx
388,10회차,컴퓨터,공학분야전기전자및기계공학세션논문김준성빈페트병을docx
389,10회차,컴퓨터,공학분야전기전자및기계공학세션논문정문기RELUX를이용docx
390,10회차,컴퓨터,자연과학분야물리학세션논문손탁일원자의새로docx
391,10회차,컴퓨터,자연과학분야물리학세션논문정상민헬름홀츠공docx
392,10회차,컴퓨터,자연과학분야물리학세션연구계획김영민초전도체의docx
393,10회차,컴퓨터,자연과학분야물리학세션연구계획박재은등속원운동에docx
394,10회차,컴퓨터,자연과학분야수학세션연구계획조은비주파수측정docx
395,10회차,경제,생명과학분야의학세션논문김서연고흡수성수지docx
396,10회차,경제,자연과학분야화학세션논문박시헌Fe3이온docx
397,10회차,경제,자연과학분야화학세션논문이대주비열플라즈docx
398,10회차,경제,자연과학분야화학세션논문이연호Graphene의docx
399,10회차,컴퓨터,자연과학분야화학세션논문정영우밀도함수이론docx
400,10회차,경제,자연과학분야화학세션연구계획김한아낙엽을이용docx
401,10회차,경제,자연과학분야화학세션연구계획은민지거미줄의피docx
402,10회차,경제,생명과학분야생물학세션논문김원근SafetyandFdocx
403,10회차,경제,생명과학분야생물학세션논문오재안Zramigeradocx
404,10회차,경제,생명과학분야생물학세션논문이예림사용중인화docx
405,10회차,교육,생명과학분야생물학세션논문임수민수컷의초미docx
406,10회차,경제,생명과학분야생물학세션논문정수민정원식물의docx
407,10회차,경제,생명과학분야생물학세션논문정은지김치담그는docx
408,10회차,경제,생명과학분야생물학세션연구계획윤승혁이상세포에docx
409,10회차,경제,생명과학분야생물학세션연구계획이주진SEM을이용한docx
410,10회차,생물학,생명과학분야생물학세션연구계획최동현Comparisonodocx
411,10회차,교육,생명과학분야의학세션논문김윤지WesternMedidocx
412,10회차,외교,생명과학분야의학세션논문이준홍TheEffectodocx
413,10회차,교육,생명과학분야의학세션논문정상헌치과의료산업docx
414,10회차,교육,생명과학분야의학세션논문조준호현미경관찰을docx
415,10회차,교육,생명과학분야의학세션연구계획김지한펙틴필름으docx
416,10회차,교육,생명과학분야의학세션연구계획김희주항정신병약물docx
417,10회차,경제,생명과학분야의학세션연구계획심미형체내항생제docx
418,10회차,문화,공학분야컴퓨터공학세션논문김동우성문docx
419,10회차,컴퓨터,공학분야컴퓨터공학세션논문김태진컴퓨터비전docx
420,10회차,문화,공학분야컴퓨터공학세션논문유재훈은닉활성화docx
421,10회차,교육,공학분야컴퓨터공학세션논문임하빈차세대비휘docx
422,10회차,문화,공학분야컴퓨터공학세션논문홍석찬머신러닝을docx
423,10회차,교육,공학분야컴퓨터공학세션연구계획김수민모션캡쳐기술docx
424,10회차,문화,자연과학분야물리학세션연구계획장준서고체결정구docx
425,10회차,컴퓨터,공학분야전기전자및기계공학세션논문박성모자기장을이docx
426,10회차,컴퓨터,공학분야전기전자및기계공학세션논문이상연손목시계형docx
427,10회차,교육,공학분야전기전자및기계공학세션연구계획김태민자율주행자동docx
428,10회차,교육,공학분야전기전자및기계공학세션연구계획배성준응급상황시docx
429,10회차,컴퓨터,공학분야전기전자및기계공학세션연구계획송자송해양생물의docx
430,10회차,컴퓨터,공학분야전기전자및기계공학세션연구계획진승언드론제어를docx
431,10회차,컴퓨터,공학분야전기전자및기계공학세션연구계획조유진능동적인태docx
432,10회차,경제,공학분야환경공학세션논문신승민논문제목자연docx
433,10회차,경제,공학분야환경공학세션연구계획현동순재활용소재docx
434,10회차,경제,생명과학분야생물학세션논문계규빈생물의생체docx
435,10회차,경제,자연과학분야화학세션논문황의현원주시내운docx
436,10회차,교육,GlobalSessionNaturalSciencesandEngineering논문김호준UsingFastFdocx
437,10회차,경제,GlobalSessionNaturalSciencesandEngineering논문양수정YANGSOOJUNGProtectiveEdocx
438,10회차,외교,GlobalSessionNaturalSciencesandEngineering연구계획김재우NonlinearDydocx
439,10회차,컴퓨터,GlobalSessionNaturalSciencesandEngineering연구계획문현주TheDifferendocx
440,10회차,경제,생명과학분야생물학세션논문이재용Preventionodocx
441,10회차,컴퓨터,자연과학분야물리학세션논문윤진Observationdocx
442,10회차,컴퓨터,자연과학분야물리학세션논문정재성TheWeightodocx
443,11회차,법,인문과학분야역사학세션논문김준석병자호란당docx
444,11회차,법,인문과학분야역사학세션논문김지은월경에대한docx
445,11회차,법,인문과학분야역사학세션논문박성준공무도하가docx
446,11회차,외교,인문과학분야어문학세션논문김성겸AstudyonEdocx
447,11회차,마케팅,인문과학분야어문학세션논문신다솜한글자모의docx
448,11회차,물리학,인문과학분야어문학세션연구계획김민성얀테의법칙docx
449,11회차,법,인문과학분야어문학세션연구계획오혜린윤동주와릴docx
450,11회차,외교,인문과학분야어문학세션연구계획장민영언어에내포docx
451,11회차,법,인문과학분야어문학세션연구계획장윤서홍길동전의docx
452,11회차,교육,인문과학분야철학세션논문고준영자율주행자동docx
453,11회차,화학,인문과학분야철학세션논문정유진사회윤리적docx
454,11회차,법,인문과학분야철학세션논문최동현시장사회는docx
455,11회차,법,인문과학분야철학세션연구계획배예빈퀴어문학의docx
456,11회차,외교,기업가정신분야경영학세션논문강영미고등학생협docx
457,11회차,생물학,기업가정신분야경영학세션논문고상연청소년을대docx
458,11회차,생물학,기업가정신분야경영학세션논문김민우CRM과CEM기docx
459,11회차,생물학,기업가정신분야경영학세션논문김지현국내소셜커docx
460,11회차,물리학,기업가정신분야경영학세션논문박현지방소멸과docx
461,11회차,화학,기업가정신분야경영학세션논문서정훈Essentialsodocx
462,11회차,외교,기업가정신분야경영학세션논문양수빈심볼마크중docx
463,11회차,물리학,기업가정신분야경영학세션논문조희원글로벌금융위docx
464,11회차,생물학,기업가정신분야경영학세션논문한예지10대의간편docx
465,11회차,생물학,기업가정신분야경영학세션연구계획조민재관악구신림docx
466,11회차,외교,사회과학분야경제학세션논문김경민청소년간식docx
467,11회차,생물학,사회과학분야경제학세션논문김소연청소년의소docx
468,11회차,외교,사회과학분야경제학세션논문김은혜거래비용관docx
469,11회차,물리학,사회과학분야경제학세션논문김준영통일한반도docx
470,11회차,외교,사회과학분야경제학세션논문이건휘교내매점활docx
471,11회차,생물학,사회과학분야경제학세션논문이서준국내자동차docx
472,11회차,물리학,사회과학분야경제학세션연구계획고동규대한민국의docx
473,11회차,생물학,사회과학분야사회학세션논문김가영한국의젠트docx
474,11회차,생물학,사회과학분야사회학세션논문김고은청소년의유docx
475,11회차,물리학,사회과학분야사회학세션논문김채림상주시형도docx
476,11회차,교육,사회과학분야사회학세션논문김하진정보화사회docx
477,11회차,교육,사회과학분야사회학세션논문김혜원장애인복지docx
478,11회차,화학,사회과학분야사회학세션논문민승기MeToofortdocx
479,11회차,외교,사회과학분야사회학세션논문서예은학교환경위docx
480,11회차,교육,사회과학분야사회학세션논문서윤재Limitationsdocx
481,11회차,교육,사회과학분야사회학세션논문유혜진UnitedStatedocx
482,11회차,교육,사회과학분야사회학세션논문윤나연중국노인이docx
483,11회차,생물학,사회과학분야사회학세션논문이나영부동산가격docx
484,11회차,외교,사회과학분야사회학세션논문이민우싱가포르와docx
485,11회차,외교,사회과학분야사회학세션논문이세현미디어소외docx
486,11회차,물리학,사회과학분야사회학세션논문이윤석한국의부동docx
487,11회차,외교,사회과학분야사회학세션논문이재환SNS가고등학docx
488,11회차,생물학,사회과학분야사회학세션논문이지현SocialMediadocx
489,11회차,화학,사회과학분야사회학세션논문이채연피해자가남docx
490,11회차,법,사회과학분야사회학세션논문이혜린다바왈라서docx
491,11회차,화학,사회과학분야사회학세션논문제갈현대한민국공docx
492,11회차,생물학,사회과학분야사회학세션논문조상민CulturalAccdocx
493,11회차,법,사회과학분야사회학세션논문채효정한국대중문docx
494,11회차,물리학,사회과학분야정치외교학세션논문김영하초기냉전체docx
495,11회차,물리학,사회과학분야정치외교학세션논문김은서국제개발전docx
496,11회차,물리학,사회과학분야정치외교학세션논문김태순한반도통일docx
497,11회차,화학,사회과학분야정치외교학세션논문박영채외국인이주docx
498,11회차,화학,사회과학분야정치외교학세션논문최예진선거연령인하docx
499,11회차,외교,사회과학분야교육학세션논문김나현창의융합형docx
500,11회차,교육,사회과학분야교육학세션논문김정은자폐성장애docx
501,11회차,외교,사회과학분야교육학세션논문박기현4차산업혁명docx
502,11회차,외교,사회과학분야교육학세션논문손명진사고력증진docx
503,11회차,외교,사회과학분야교육학세션논문송유빈하브루타수docx
504,11회차,외교,사회과학분야교육학세션논문신서빈남녀공학과docx
505,11회차,외교,사회과학분야교육학세션논문정선아현다문화교docx
506,11회차,외교,사회과학분야교육학세션논문정예나필리핀초등docx
507,11회차,외교,사회과학분야교육학세션논문한정아콜버그의이docx
508,11회차,외교,사회과학분야교육학세션연구계획김다은메타인지의docx
509,11회차,교육,사회과학분야심리학세션논문권가인인터넷악플을docx
510,11회차,생물학,사회과학분야심리학세션논문문수인한정판매의docx
511,11회차,법,사회과학분야심리학세션논문박지수영화의몰입docx
512,11회차,외교,사회과학분야심리학세션논문부승현여자고등학docx
513,11회차,외교,사회과학분야심리학세션논문윤서현심리학의관docx
514,11회차,법,사회과학분야심리학세션논문장현호대중의심리docx
515,11회차,화학,사회과학분야심리학세션논문정재인언어와지위docx
516,11회차,외교,사회과학분야심리학세션연구계획권이혁오늘날의학docx
517,11회차,교육,사회과학분야심리학세션연구계획손수빈애착인형을docx
518,11회차,문화,사회과학분야심리학세션연구계획염정윤유아교육학docx
519,11회차,생물학,사회과학분야언론학세션논문고은진언론을통한docx
520,11회차,외교,사회과학분야언론학세션논문김가영SNS가고등학docx
521,11회차,교육,사회과학분야언론학세션논문김영은국내화면해docx
522,11회차,법,사회과학분야언론학세션논문박하나국내예능프docx
523,11회차,법,사회과학분야언론학세션논문박하늘방송프로그docx
524,11회차,화학,사회과학분야언론학세션논문이윤재언론보도의docx
525,11회차,생물학,사회과학분야언론학세션연구계획박경주인터넷개인docx
526,11회차,화학,사회과학분야법학세션논문고수화소방관구조docx
527,11회차,물리학,사회과학분야법학세션논문김한나다문화가족docx
528,11회차,생물학,사회과학분야법학세션논문이주원대중문화의docx
529,11회차,물리학,GlobalSessionHumanitiesandSocialSciences논문박현욱TheInternatdocx
530,11회차,법,GlobalSessionHumanitiesandSocialSciences논문심연서FemaleVoicedocx
531,11회차,외교,GlobalSessionHumanitiesandSocialSciences논문오나영ACaseStudydocx
532,11회차,물리학,GlobalSessionHumanitiesandSocialSciences논문오정훈CausesforDdocx
533,11회차,물리학,GlobalSessionHumanitiesandSocialSciences논문윤효서Comparativedocx
534,11회차,물리학,GlobalSessionHumanitiesandSocialSciences논문이제현Protectionisdocx
535,11회차,법,GlobalSessionHumanitiesandSocialSciences논문정연희AnAnalysisdocx
536,11회차,외교,GlobalSessionHumanitiesandSocialSciences연구계획JeanKangInvestigatedocx
537,11회차,마케팅,자연과학분야수학세션논문김민겸양자암호의docx
538,11회차,문화,자연과학분야수학세션논문박지환횡단보도사docx
539,11회차,문화,자연과학분야수학세션논문이석준스플라인함docx
540,11회차,문화,자연과학분야수학세션논문이유은버스시간문docx
541,11회차,문화,자연과학분야수학세션논문이인규인수정리와docx
542,11회차,문화,자연과학분야수학세션논문이재현픽의정리의docx
543,11회차,마케팅,자연과학분야수학세션논문이주엽InvertibleSdocx
544,11회차,마케팅,자연과학분야수학세션논문이주은영화속암호docx
545,11회차,문화,자연과학분야수학세션논문이준서U분할수의docx
546,11회차,문화,자연과학분야수학세션논문한수현정다면체와docx
547,11회차,문화,자연과학분야수학세션연구계획이유은버스시간문docx
548,11회차,컴퓨터,자연과학분야수학세션연구계획주하늘중력변화에docx
549,11회차,컴퓨터,자연과학분야물리학세션논문김남렬낙하하는물docx
550,11회차,문화,자연과학분야물리학세션논문김석영단조화진동자docx
551,11회차,컴퓨터,자연과학분야물리학세션논문김은서영화마션docx
552,11회차,컴퓨터,자연과학분야물리학세션논문김재현HEA기지나docx
553,11회차,컴퓨터,자연과학분야물리학세션논문이정환Theeffectodocx
554,11회차,컴퓨터,자연과학분야물리학세션논문이호준물체의3차원docx
555,11회차,컴퓨터,자연과학분야물리학세션논문장진호간이파력발docx
556,11회차,컴퓨터,자연과학분야물리학세션논문조재홍해파리추진docx
557,11회차,문화,자연과학분야물리학세션논문최소은모아레현상docx
558,11회차,컴퓨터,자연과학분야물리학세션논문한우진소수성용매docx
559,11회차,컴퓨터,자연과학분야물리학세션논문홍미래수심에따른docx
560,11회차,문화,자연과학분야물리학세션연구계획신지환Moire2차원docx
561,11회차,컴퓨터,자연과학분야물리학세션연구계획이지민배드민턴경docx
562,11회차,문화,자연과학분야화학세션논문김병환그을음을통docx
563,11회차,경제,자연과학분야화학세션논문김희원음식물쓰레docx
564,11회차,경제,자연과학분야화학세션논문민강건미세먼지흡docx
565,11회차,경제,자연과학분야화학세션논문신동훈홍삼진세노docx
566,11회차,경제,자연과학분야화학세션논문안가은미세조류micdocx
567,11회차,경제,자연과학분야화학세션논문윤희준하이드로젤의docx
568,11회차,경제,자연과학분야화학세션논문이기석TiO광촉매docx
569,11회차,경제,자연과학분야화학세션논문최민석텅스텐황화docx
570,11회차,문화,생명과학분야생물학세션논문김지환Enhancementdocx
571,11회차,경제,생명과학분야생물학세션논문김지훈경주고적지docx
572,11회차,경제,생명과학분야생물학세션논문배기웅물증발억제docx
573,11회차,경제,생명과학분야생물학세션논문서경진초파리Drosodocx
574,11회차,경제,생명과학분야생물학세션논문송채림깊은바다의docx
575,11회차,경제,생명과학분야생물학세션논문안재준RNAinterferdocx
576,11회차,경제,생명과학분야생물학세션논문오형석광합성산물을docx
577,11회차,경제,생명과학분야생물학세션논문윤태준효소및Corydocx
578,11회차,문화,생명과학분야생물학세션논문정세린낙동강상주docx
579,11회차,교육,생명과학분야생물학세션논문하지원유전자관련docx
580,11회차,교육,생명과학분야생물학세션연구계획박가경3D프린터를docx
581,11회차,경제,생명과학분야생물학세션연구계획정유민바이오에탄올docx
582,11회차,교육,생명과학분야생물학세션연구계획조예영인체학적으로docx
583,11회차,컴퓨터,생명과학분야생물학세션연구계획진의영아두이노를docx
584,11회차,경제,생명과학분야생물학세션연구계획태라현방짜유기의docx
585,11회차,교육,생명과학분야의학세션논문구서연간세포성암종docx
586,11회차,경제,생명과학분야의학세션논문김민영UsingKimchidocx
587,11회차,경제,생명과학분야의학세션논문김서경자연추출물을docx
588,11회차,경제,생명과학분야의학세션논문류가영미세플라스틱docx
589,11회차,경제,생명과학분야의학세션논문백준우보라울금docx
590,11회차,경제,생명과학분야의학세션논문오재안Theisolatiodocx
591,11회차,경제,생명과학분야의학세션논문윤수혁감초의액포docx
592,11회차,교육,생명과학분야의학세션논문이상곤수면부족에서docx
593,11회차,경제,생명과학분야의학세션논문이주엽세포내뇌질docx
594,11회차,경제,생명과학분야의학세션논문한주호다양한세포docx
595,11회차,교육,생명과학분야의학세션논문한희상스마트폰어docx
596,11회차,교육,생명과학분야의학세션논문허윤서한국감염병docx
597,11회차,교육,생명과학분야의학세션연구계획이정호정신과학적docx
598,11회차,문화,공학분야컴퓨터공학세션논문강경아환경밀착형docx
599,11회차,교육,공학분야컴퓨터공학세션논문김강민ArtificialIdocx
600,11회차,문화,공학분야컴퓨터공학세션논문김동우일반화된Dindocx
601,11회차,문화,공학분야컴퓨터공학세션논문박하미도로네트워docx
602,11회차,교육,공학분야컴퓨터공학세션논문장범진인공지능과docx
603,11회차,마케팅,공학분야컴퓨터공학세션논문정은아이화여자고등docx
604,11회차,교육,공학분야컴퓨터공학세션논문차이현반려견을위docx
605,11회차,문화,공학분야컴퓨터공학세션논문최정현DeepQLearndocx
606,11회차,문화,공학분야컴퓨터공학세션논문황숭록프랙탈과이docx
607,11회차,문화,공학분야컴퓨터공학세션연구계획한준우효율적인매docx
608,11회차,컴퓨터,공학분야컴퓨터공학세션연구계획홍신애COMPUTER냉docx
609,11회차,컴퓨터,공학분야전기전자및기계공학세션논문김지원음향파를이docx
610,11회차,교육,공학분야전기전자및기계공학세션논문류지우어린이보호docx
611,11회차,컴퓨터,공학분야전기전자및기계공학세션논문박주언형상비와Reydocx
612,11회차,컴퓨터,공학분야전기전자및기계공학세션논문박진우3D프린팅기docx
613,11회차,컴퓨터,공학분야전기전자및기계공학세션논문안보성에너지원가docx
614,11회차,컴퓨터,공학분야전기전자및기계공학세션논문양나래토러스구조docx
615,11회차,컴퓨터,공학분야전기전자및기계공학세션논문이가람안드로이드와docx
616,11회차,컴퓨터,공학분야전기전자및기계공학세션논문조재영리튬이온전docx
617,11회차,문화,공학분야전기전자및기계공학세션논문채하영다항식회귀docx
618,11회차,컴퓨터,공학분야전기전자및기계공학세션논문홍민우아두이노를docx
619,11회차,컴퓨터,공학분야전기전자및기계공학세션연구계획김준협em드라이브의docx
620,11회차,컴퓨터,공학분야전기전자및기계공학세션연구계획이시현스마트휴지docx
621,11회차,물리학,공학분야환경공학세션논문권이현MethaneHydrdocx
622,11회차,경제,공학분야환경공학세션논문김누리상대습도증docx
623,11회차,물리학,공학분야환경공학세션논문김용섭국내신재생docx
624,11회차,경제,공학분야환경공학세션논문송재민TheInfluencdocx
625,11회차,컴퓨터,공학분야환경공학세션논문신민호건축물의복docx
626,11회차,경제,공학분야환경공학세션논문양재모기후변화로docx
627,11회차,문화,공학분야환경공학세션논문유현우신사동가로docx
628,11회차,생물학,공학분야환경공학세션논문이수현소비자중심docx
629,11회차,컴퓨터,공학분야환경공학세션연구계획이지희에너지하베docx
630,11회차,물리학,공학분야환경공학세션연구계획조성우Researchondocx
631,11회차,외교,GlobalSessionNaturalSciencesandEngineering논문EvelynHurEffectsofAdocx
632,11회차,외교,GlobalSessionNaturalSciencesandEngineering논문김정민FearofArtidocx
633,11회차,문화,GlobalSessionNaturalSciencesandEngineering논문윤상민Determiningdocx
634,11회차,외교,GlobalSessionNaturalSciencesandEngineering연구계획AdrianKangFactorsAffedocx
635,11회차,외교,GlobalSessionNaturalSciencesandEngineering연구계획배근영EffectofDedocx
636,11회차,법,GlobalSessionNaturalSciencesandEngineering연구계획이영헌Creatingabdocx
637,11회차,문화,GlobalSessionNaturalSciencesandEngineering연구계획장도연Assessingthdocx
638,12회차,외교,Global Session Humanities and Social SciencesT1 Factors Affecting Korean Peopdocx
639,12회차,물리학,Global Session Humanities and Social SciencesT1Adequate Housing for People Redocx
640,12회차,물리학,Global Session Humanities and Social SciencesT1An Investigation into the Darkdocx
641,12회차,물리학,Global Session Humanities and Social SciencesT1China The New Trendsetter A docx
642,12회차,화학,Global Session Humanities and Social SciencesT1How to Speak Well in Public  docx
644,12회차,교육,Global Session Humanities and Social SciencesT1Solving the shortage in the lodocx
645,12회차,외교,Global Session Humanities and Social SciencesT1The Progress of Pharmacy in Kodocx
646,12회차,물리학,Global Session Humanities and Social SciencesT1USChina Trade War  An analysdocx
647,12회차,경제,Global Session Natural Sciences and EngineeringT1A Study on the Development Tredocx
648,12회차,교육,Global Session Natural Sciences and EngineeringT1Designing an Automatic Fully Fdocx
649,12회차,경제,Global Session Natural Sciences and EngineeringT1Hydrogen Sulfide Just Rotten docx
650,12회차,교육,Global Session Natural Sciences and EngineeringT1Mathematical Analysis of Braindocx
651,12회차,컴퓨터,Global Session Natural Sciences and EngineeringT1NonFerromagnetic Gyroscopes idocx
652,12회차,외교,Global Session Natural Sciences and EngineeringT1Periodicity of the Franchise Pdocx
653,12회차,교육,Global Session Natural Sciences and EngineeringT1Proposal of an Effective One Sdocx
654,12회차,컴퓨터,Global Session Natural Sciences and EngineeringT1Stability of Planet Orbits Arodocx
655,12회차,컴퓨터,공학분야 전기전자 및 기계공학세션T13D 프린터를 이용한 구조물 제작과 촉각 센서에 대한 docx
656,12회차,컴퓨터,공학분야 전기전자 및 기계공학세션T1Quantification of Spastic Ankldocx
657,12회차,컴퓨터,공학분야 전기전자 및 기계공학세션T1육해공 작동 가능한 무인기 제작연구docx
658,12회차,컴퓨터,공학분야 전기전자 및 기계공학세션T1제목docx
659,12회차,컴퓨터,공학분야 전기전자 및 기계공학세션T1테슬라 코일과 전자기파  전자기파에 대한 탐구와 식물docx
660,12회차,문화,공학분야 컴퓨터공학세션T1A Proposal Towards Semanticalldocx
661,12회차,문화,공학분야 컴퓨터공학세션T1Accuracy Assessment of the Landocx
663,12회차,생물학,공학분야 컴퓨터공학세션T1The Effects of Website Design docx
664,12회차,문화,공학분야 컴퓨터공학세션T1The Pyramid sort algorithm anddocx
665,12회차,마케팅,공학분야 컴퓨터공학세션T1문자 출현 빈도를 은폐하는 다중문자 암호 알고리즘의 구docx
666,12회차,문화,공학분야 컴퓨터공학세션T1선형적 관계를 보이는 이차원 통계자료에  대한 회귀분석docx
667,12회차,문화,공학분야 컴퓨터공학세션T1안면 인식과 추적을 기반으로 한 개인 AR 홍보 시스템docx
668,12회차,경제,공학분야 환경공학세션T1Increased Attachment Effect ofdocx
669,12회차,외교,공학분야 환경공학세션T1Public conception that cigaretdocx
670,12회차,경제,공학분야 환경공학세션T1일회용기의 대체재료에 관한 탐구  일회용기와 천연용기docx
671,12회차,경제,공학분야 환경공학세션T1치리오스 효과와 정전기 효과의 관점에서 미세플라스틱 섬docx
672,12회차,생물학,기업가정신분야 경영학세션T1경영자가 가져야 할 효율적 스포츠 마케팅  축구 마케docx
673,12회차,생물학,기업가정신분야 경영학세션T1기업경영게임을 통한 자활기업의 소셜 프랜차이징화 효과에docx
674,12회차,법,기업가정신분야 경영학세션T1상품의 예술화 예술의 상품화docx
675,12회차,생물학,기업가정신분야 경영학세션T1소비자참여 활성화를 위한 기업의 사회적 책임 활동CSdocx
676,12회차,생물학,기업가정신분야 경영학세션T1청소년 플랫폼 노동현황 및 개선방안   배달대행 앱을docx
677,12회차,물리학,사회과학분야 경제학세션T12008 Global Financial Crisis adocx
678,12회차,물리학,사회과학분야 경제학세션T1A Politicoeconomic Dispute ovdocx
679,12회차,물리학,사회과학분야 경제학세션T1Consumer Confidence The Underdocx
680,12회차,물리학,사회과학분야 경제학세션T1세계 경제의 저성장의 원인과 해결방안docx
681,12회차,물리학,사회과학분야 경제학세션T1아베노믹스 정책의 특징과 평가docx
682,12회차,외교,사회과학분야 경제학세션T1행동경제학 관점에서 내신등급이 기대와 다를 경우에 목표docx
683,12회차,외교,사회과학분야 교육학세션T1The Future Classroom in the AIdocx
684,12회차,화학,사회과학분야 법학세션T1변호사 성공사례금의  직업 윤리에 대한 고찰  적정성docx
685,12회차,생물학,사회과학분야 사회학세션T1Suggestion for Mural as Stadiudocx
686,12회차,물리학,사회과학분야 사회학세션T1Why the United States does notdocx
687,12회차,외교,사회과학분야 사회학세션T1가정경제 수준과 청소년의 정신건강 불평등Mental docx
688,12회차,화학,사회과학분야 사회학세션T1동성혼 법제화에 대한 청소년의 인식 조사docx
689,12회차,물리학,사회과학분야 사회학세션T1신도시 개발 과정 중 일어나는 사회경제학적 문제들과 해docx
690,12회차,물리학,사회과학분야 사회학세션T1음의 소득제와 보편적 소득제의 실증 분석 및 기본소득제docx
691,12회차,법,사회과학분야 사회학세션T1하위문화가 주류문화에 편입되는 양상에 대한 연구 20docx
692,12회차,교육,사회과학분야 심리학세션T1ICT 기반 사람이름 기억력 평가 및 촉진 프로그램의 docx
693,12회차,화학,사회과학분야 심리학세션T1Would You Please Take a Photo docx
694,12회차,화학,사회과학분야 심리학세션T1본교 내 기저율 무시에 대한 고찰docx
695,12회차,화학,사회과학분야 언론학세션T110대들이 기사를 보지 않는 이유docx
696,12회차,화학,사회과학분야 언론학세션T1기자에 대한 부정적인 인식 개선 방안docx
697,12회차,물리학,사회과학분야 정치외교학세션T1게임 이론으로의 동북아 정세 분석  북미 정상회담을 docx
698,12회차,물리학,사회과학분야 정치외교학세션T1미  중 대외관계 전망과 한국의 전략docx
699,12회차,물리학,사회과학분야 정치외교학세션T1미국의 인도태평양 전략과 우리의 선택  한국의 신남docx
700,12회차,물리학,사회과학분야 정치외교학세션T1시나리오로 본 미중의 북핵의 효율적 해결 docx
701,12회차,물리학,사회과학분야 정치외교학세션T1전 세계적으로 발생하는 국가간의 분쟁과 국제단체의 행동docx
702,12회차,화학,사회과학분야 정치외교학세션T1정치 정당 및 정치 진영에 대한 맹목적 지지도 수요의docx
703,12회차,물리학,사회과학분야 정치외교학세션T1통일의학의 정의와 이상적인 방향성에 대한 연구 동독과docx
704,12회차,교육,생명과학분야  의학세션T1Expression of microRNA3161 indocx
706,12회차,경제,생명과학분야  의학세션T1친환경 세제를 이용한 행주 살균의 효과 비교 연구docx
707,12회차,경제,생명과학분야 생물학세션T1Fine Dust Pollution and its Efdocx
708,12회차,경제,생명과학분야 생물학세션T1Galleria mellonella의 장내 플라스틱 분docx
709,12회차,경제,생명과학분야 생물학세션T1NS1 myeloma cell의 TrkB signaldocx
710,12회차,외교,생명과학분야 생물학세션T1The Effect of IQOS and Cigaretdocx
711,12회차,경제,생명과학분야 생물학세션T1소나무 추출물의 친환경 제초제로써의 가능성 연구docx
712,12회차,문화,생명과학분야 생물학세션T1심리적 감염을 SIR방정식으로 분석 빙고게임의 확산docx
713,12회차,경제,생명과학분야 생물학세션T1에탄올이 zebrafish의 학습 및 인지기능에 미치는docx
714,12회차,경제,생명과학분야 생물학세션T1토양 유래 DNA이식이 토양의 생물학적  환경에 미치는docx
715,12회차,법,인문과학분야 인문학세션T1Analysis of the Representationdocx
716,12회차,법,인문과학분야 인문학세션T1The Influence of the Cultural docx
717,12회차,물리학,인문과학분야 인문학세션T1The Significance of American Pdocx
718,12회차,법,인문과학분야 인문학세션T1군주론의 현대적 해석docx
719,12회차,화학,인문과학분야 인문학세션T1멕시코가 기억하는 그 날 우리의 함성docx
720,12회차,법,인문과학분야 인문학세션T1셜리 잭슨의 제비뽑기를 통해 살펴본 집단 폭력성에 docx
721,12회차,화학,인문과학분야 인문학세션T1소크라테스에 대한 오해 악법도 법 이라는 주장의 docx
722,12회차,화학,인문과학분야 인문학세션T1정치철학적 관점에서 본 적극적 자유에 관한 비판적 고찰docx
723,12회차,교육,인문과학분야 인문학세션T1제 4차 산업혁명 속 철학의 역할과 과업docx
724,12회차,컴퓨터,자연과학분야 물리학세션T1Light frame과 Dark frame의  온도차의docx
725,12회차,컴퓨터,자연과학분야 물리학세션T1Oscillation pattern of paper adocx
726,12회차,컴퓨터,자연과학분야 물리학세션T1The Invisible Force of Inertiadocx
727,12회차,컴퓨터,자연과학분야 물리학세션T1베르누이의 원리에 의한 물 포집 장치 제작docx
728,12회차,컴퓨터,자연과학분야 물리학세션T1아두이노 기반의 자율 항법 위성 회수 시스템docx
729,12회차,컴퓨터,자연과학분야 물리학세션T1이중나선 구조의 한계장력 극대점 분석docx
730,12회차,컴퓨터,자연과학분야 물리학세션T1카드의 종류에 따른  카드의 운동경향성에 대한 탐구docx
731,12회차,컴퓨터,자연과학분야 물리학세션T1태양에너지를 이용한 반영구적 해수 담수화 방법에 관한 docx
732,12회차,문화,자연과학분야 수학세션T1Benfords Law를 기반으로 한 회계 분석docx
733,12회차,문화,자연과학분야 수학세션T1Functional decomposition of qudocx
734,12회차,문화,자연과학분야 수학세션T1Minkowski Distance에서의 pcircledocx
735,12회차,화학,자연과학분야 수학세션T1Shy Surveyee를 고려한 선거 예측의 수리적 모docx
736,12회차,문화,자연과학분야 수학세션T1TMPTachi Miura Polyhedron의 활docx
737,12회차,문화,자연과학분야 수학세션T1산불 확산 모델을 바탕으로한 박테리오파지의 증식 분석 docx
738,12회차,문화,자연과학분야 수학세션T1유전적 방법을 이용한 함수의 최댓값 탐색docx
739,12회차,컴퓨터,자연과학분야 화학세션T1Paracetamol이 가재의 활동에 미치는 영향에 대docx
740,12회차,경제,자연과학분야 화학세션T1폐자재를 재활용하여 만든 생분해성 플라스틱docx
741,12회차,외교,Global Session Natural Sciences and EngineeringT2Designing an Intracellular Antdocx
742,12회차,외교,공학분야 전기전자 및 기계공학세션T2A Whole New World Full of Greedocx
743,12회차,외교,사회과학분야 경제학세션T2공유경제 측면에서 바라본 학교 밖 청소년 문제 해결방안docx
744,12회차,물리학,사회과학분야 사회학세션T2제주 인구 및 관광객 증가로 인한 환경파괴에 대한 분석docx
745,12회차,생물학,사회혁신활동T2티셔츠를 통한 일상생활속 사회공헌 docx
746,12회차,경제,생명과학분야 생물학세션T2간 조직의 냉동보존cryopreservation에서docx
747,12회차,외교,자연과학분야 수학세션T2A statistical learningbased adocx
748,12회차,경제,자연과학분야 화학세션T2Hydrogel 속 Lisegang Band의 형성에 docx
749,12회차,경제,자연과학분야 화학세션T2스프레이를 이용한 투명한 발수 표면 구현  간편함과 docx
750,12회차,문화,창업활동T2Breathe Innovation Towards a docx
751,12회차,생물학,창업활동T2멸종 위기종 인식개선을 위한 디바이스 액세서리 제작 및docx
752,12회차,컴퓨터,멀티 홀로그래피  영화의 한 장면이 우리의 현실이 될 수 있을까 
753,12회차,마케팅,능주고등학교 학생들의 편의를 위한 챗봇의 효율적 개발 및 활용 방안에 관한 탐구  DanbeeAi 플랫폼과 Javascript를 활용 
754,12회차,교육,  빅데이터의 발전과 천문학
755,12회차,생물학,도쿄에서 이동 경비 최적화 연구  관광객의 대중교통 이동 중심으로 
756,12회차,교육,제목 게임은 질병이 아니라 취미입니다 즐거운 문화가 있는 게임은 마약과 다르다
757,12회차,화학,한국의 동성혼 법제화와 생활 동반자법의 전망  세계의 동성혼과 동성 파트너십 양상을 중심으로 
758,12회차,외교,한국 영어 사교육 시장의  한국인 입양인 차별
759,12회차,외교,우리나라 청소년 우울증 원인분석         가정과 학교 중심   가정과 학교 생활이 청소년 우울증에 끼치는 영향
760,12회차,생물학,유행이 돌고 도는 이유에 대한 연구 복고를 찾는 사람들의 심리
761,12회차,외교,글의 특징과 신뢰성 판단 간의 상관관계  신뢰성 판단이 사회에 미치는 영향을 중심으로
762,12회차,화학,뉴 미디어가 민주주의 사회에 제기하는 문제 연구 
763,12회차,화학,옐로우저널리즘에 대한 고찰  언론의 바람직한 방향성 
764,12회차,물리학,남북중일을 중심으로 한 동아시아경제연합EAEU의 구축 가능성에 대한 전망 2019년   7월
765,12회차,경제,박테리오파지를 통한 반려동물의 인수공통감염병 적용 가능성 탐구  인수공통감염병에 대한 박테리오파지와 항생제의 작용 비교 
